{
  "Abuse": -1.0986122886681098,
  "Arrest": 0.0,
  "Arson": -0.587786664902119,
  "Assault": 0.0,
  "Burglary": 1.0986122886681098,
  "Explosion": -1.0986122886681098,
  "Fighting": -1.0986122886681098,
  "RoadAccidents": -0.25131442828090605,
  "Robbery": 1.2992829841302609,
  "Shooting": -2.197224577336219,
  "Shoplifting": -1.0986122886681098,
  "Stealing": -2.197224577336219,
  "Vandalism": 0.3677247801253172
}